Sharpe Ratio,Max Drawdown (%)
0.4433535724751193,-18.176229873965262
